Workbook
Name SegmentaciónDeDatos_Store: #N/A
Name SegmentaciónDeDatos_Year: #N/A

Sheet Walmart_Sales
A1: Store | B1: Date | C1: Year | D1: Month | E1: Weekly_Sales | F1: Holiday_Flag | G1: Temperature | H1: Fuel_Price | I1: CPI | J1: Unemployment
A2: 1 | B2: 40214 | C2: =YEAR(Walmart_Sales!$B2) -> 2010 | D2: =MONTH(Walmart_Sales!$B2) -> 2 | E2: 1643690.9 | F2: 0 | G2: 42.31 | H2: 2.572 | I2: 211.09636 | J2: 0.08106 | L2: 100
A3: 1 | B3: 40221 | C3: =YEAR(Walmart_Sales!$B3) -> 2010 | D3: =MONTH(Walmart_Sales!$B3) -> 2 | E3: 1641957.4 | F3: 1 | G3: 38.51 | H3: 2.548 | I3: 211.24217 | J3: 0.08106
A4: 1 | B4: 40228 | C4: =YEAR(Walmart_Sales!$B4) -> 2010 | D4: =MONTH(Walmart_Sales!$B4) -> 2 | E4: 1611968.2 | F4: 0 | G4: 39.93 | H4: 2.514 | I4: 211.28914 | J4: 0.08106
A5: 1 | B5: 40235 | C5: =YEAR(Walmart_Sales!$B5) -> 2010 | D5: =MONTH(Walmart_Sales!$B5) -> 2 | E5: 1409727.6 | F5: 0 | G5: 46.63 | H5: 2.561 | I5: 211.31964 | J5: 0.08106
A6: 1 | B6: 40242 | C6: =YEAR(Walmart_Sales!$B6) -> 2010 | D6: =MONTH(Walmart_Sales!$B6) -> 3 | E6: 1554806.7 | F6: 0 | G6: 46.5 | H6: 2.625 | I6: 211.35014 | J6: 0.08106
A7: 1 | B7: 40249 | C7: =YEAR(Walmart_Sales!$B7) -> 2010 | D7: =MONTH(Walmart_Sales!$B7) -> 3 | E7: 1439541.6 | F7: 0 | G7: 57.79 | H7: 2.667 | I7: 211.38064 | J7: 0.08106
A8: 1 | B8: 40256 | C8: =YEAR(Walmart_Sales!$B8) -> 2010 | D8: =MONTH(Walmart_Sales!$B8) -> 3 | E8: 1472515.8 | F8: 0 | G8: 54.58 | H8: 2.72 | I8: 211.21563 | J8: 0.08106
A9: 1 | B9: 40263 | C9: =YEAR(Walmart_Sales!$B9) -> 2010 | D9: =MONTH(Walmart_Sales!$B9) -> 3 | E9: 1404429.9 | F9: 0 | G9: 51.45 | H9: 2.732 | I9: 211.01804 | J9: 0.08106
A10: 1 | B10: 40270 | C10: =YEAR(Walmart_Sales!$B10) -> 2010 | D10: =MONTH(Walmart_Sales!$B10) -> 4 | E10: 1594968.3 | F10: 0 | G10: 62.27 | H10: 2.719 | I10: 210.82045 | J10: 0.07808
A11: 1 | B11: 40277 | C11: =YEAR(Walmart_Sales!$B11) -> 2010 | D11: =MONTH(Walmart_Sales!$B11) -> 4 | E11: 1545418.5 | F11: 0 | G11: 65.86 | H11: 2.77 | I11: 210.62286 | J11: 0.07808
A12: 1 | B12: 40284 | C12: =YEAR(Walmart_Sales!$B12) -> 2010 | D12: =MONTH(Walmart_Sales!$B12) -> 4 | E12: 1466058.3 | F12: 0 | G12: 66.32 | H12: 2.808 | I12: 210.4887 | J12: 0.07808
A13: 1 | B13: 40291 | C13: =YEAR(Walmart_Sales!$B13) -> 2010 | D13: =MONTH(Walmart_Sales!$B13) -> 4 | E13: 1391256.1 | F13: 0 | G13: 64.84 | H13: 2.795 | I13: 210.43912 | J13: 0.07808
A14: 1 | B14: 40298 | C14: =YEAR(Walmart_Sales!$B14) -> 2010 | D14: =MONTH(Walmart_Sales!$B14) -> 4 | E14: 1425100.7 | F14: 0 | G14: 67.41 | H14: 2.78 | I14: 210.38955 | J14: 0.07808
... A6436: 45 | B6436: 41208 | C6436: =YEAR(Walmart_Sales!$B6436) -> 2012 | D6436: =MONTH(Walmart_Sales!$B6436) -> 10 | E6436: 760281.43 | F6436: 0 | G6436: 58.85 | H6436: 3.882 | I6436: 192.3089 | J6436: 0.08667

Sheet Dashboard

Sheet Total Sales
A4: Etiquetas de fila | B4: Suma de Weekly_Sales
A5: 2010 | B5: 2.2888861e+09 | D5: Promedio de Weekly_Sales
A6: 2011 | B6: 2.4482e+09 | D6: 1046964.9
A7: 2012 | B7: 2.0001329e+09
A8: Total general | B8: 6.737219e+09
B10: =GETPIVOTDATA("Weekly_Sales",$A$4)/1000000000 -> 6.737219

Sheet Store Sales
A1: Etiquetas de fila | B1: Suma de Weekly_Sales
A2: 2 | B2: 2.7538244e+08
A3: 13 | B3: 2.865177e+08
A4: 14 | B4: 2.8899991e+08
A5: 4 | B5: 2.9954395e+08
A6: 20 | B6: 3.0139779e+08
A7: Total general | B7: 1.4518418e+09

Sheet Holidays
A1: Year | B1: (Todas)
A2: Weekly_Sales | B2: (Todas)
A4: Etiquetas de fila | B4: Promedio de Weekly_Sales
A5: Regular day | B5: 1041256.4
A6: Holiday | B6: 1122887.9
A7: Total general | B7: 1046964.9
A10: Percentage of sales | B10: =(GETPIVOTDATA("Promedio de Weekly_Sales",$A$4,"Holiday_Flag","Holiday")-GETPIVOTDATA("Promedio de Weekly_Sales",$A$4,"Holiday_Flag","Regular day"))/GETPIVOTDATA("Promedio de Weekly_Sales",$A$4,"Holiday_Flag","Regular day") -> 0.07839713

Sheet Unemployment
A1: Etiquetas de fila | B1: Suma de Weekly_Sales | C1: Promedio de Unemployment
A2: 2010 | B2: 2.2888861e+09 | C2: 0.084927144
A3: 2011 | B3: 2.4482e+09 | C3: 0.080820359
A4: 2012 | B4: 2.0001329e+09 | C4: 0.073479638
A5: Total general | B5: 6.737219e+09 | C5: 0.07999151
C8: =GETPIVOTDATA("Promedio de Unemployment",$A$1) -> 0.07999151

Sheet Fuel Price
A1: Etiquetas de fila | B1: Suma de Weekly_Sales | C1: Promedio de Fuel_Price
A2: 2010 | B2: 2.2888861e+09 | C2: 2.8237671
A3: 2011 | B3: 2.4482e+09 | C3: 3.561915
A4: 2012 | B4: 2.0001329e+09 | C4: 3.7097762
A5: Total general | B5: 6.737219e+09 | C5: 3.3586068
